IMO轉,船東,出發港,目的港,實際進港日,實際出港日,編號轉,編號
53,0,八打雁,蘇比克灣,2022/3/6,2022/3/7,0,4205942420
53,0,八打雁,高雄港,2022/3/12,2022/3/12,0,4205942420
53,0,八打雁,高雄港,2022/3/22,2022/3/23,0,4205942420
44,0,上海,廣東蛇口,2022/3/10,2022/3/12,1,4207144796
10,0,上海,臺中港,2022/3/7,2022/3/7,1,4207144796
10,0,上海,臺中港,2022/3/20,2022/3/20,1,4207144796
10,0,上海,臺中港,2022/3/28,2022/3/29,1,4207144796
51,0,上海,香港,2020/9/1,2020/9/2,1,4207144796
51,0,上海,香港,2020/9/18,2020/9/19,1,4207144796
16,0,上海,香港,2022/3/10,2022/3/11,1,4207144796
20,0,上海,胡志明,2022/3/1,2022/3/2,1,4207144796
22,0,上海,胡志明,2022/3/5,2022/3/6,1,4207144796
23,0,上海,胡志明,2022/3/16,2022/3/16,1,4207144796
20,0,上海,胡志明,2022/3/23,2022/3/24,1,4207144796
22,0,上海,胡志明,2022/3/30,2022/3/30,1,4207144796
74,1,上海,江蘇連雲港,2020/9/6,2020/9/6,1,4207144796
74,1,上海,江蘇連雲港,2020/9/20,2020/9/21,1,4207144796
72,1,上海,江蘇連雲港,2022/3/29,2022/3/30,1,4207144796
17,0,上海,他科馬,2020/9/9,2020/9/10,1,4207144796
28,2,上海,上海,2020/8/31,2020/9/1,1,4207144796
28,2,上海,上海,2020/9/1,2020/9/2,1,4207144796
73,1,上海,上海,2020/9/1,2020/9/2,1,4207144796
28,2,上海,上海,2020/9/2,2020/9/2,1,4207144796
10,0,上海,上海,2020/9/4,2020/9/4,1,4207144796
29,2,上海,上海,2020/9/6,2020/9/7,1,4207144796
30,2,上海,上海,2020/9/6,2020/9/6,1,4207144796
29,2,上海,上海,2020/9/7,2020/9/7,1,4207144796
28,2,上海,上海,2020/9/9,2020/9/10,1,4207144796
28,2,上海,上海,2020/9/10,2020/9/11,1,4207144796
28,2,上海,上海,2020/9/11,2020/9/12,1,4207144796
10,0,上海,上海,2020/9/13,2020/9/13,1,4207144796
73,1,上海,上海,2020/9/16,2020/9/16,1,4207144796
28,2,上海,上海,2020/9/17,2020/9/18,1,4207144796
28,2,上海,上海,2020/9/18,2020/9/18,1,4207144796
29,2,上海,上海,2020/9/19,2020/9/20,1,4207144796
28,2,上海,上海,2020/9/19,2020/9/19,1,4207144796
10,0,上海,上海,2020/9/20,2020/9/21,1,4207144796
29,2,上海,上海,2020/9/20,2020/9/20,1,4207144796
28,2,上海,上海,2020/9/26,2020/9/27,1,4207144796
31,2,上海,上海,2020/9/26,2020/9/26,1,4207144796
28,2,上海,上海,2020/9/27,2020/9/28,1,4207144796
10,0,上海,上海,2020/9/29,2020/9/29,1,4207144796
73,1,上海,上海,2020/9/29,2020/9/29,1,4207144796
28,2,上海,上海,2022/3/1,2022/3/1,1,4207144796
28,2,上海,上海,2022/3/2,2022/3/3,1,4207144796
28,2,上海,上海,2022/3/10,2022/3/11,1,4207144796
28,2,上海,上海,2022/3/20,2022/3/20,1,4207144796
28,2,上海,上海,2022/3/21,2022/3/21,1,4207144796
73,1,上海,上海,2022/3/30,2022/3/30,1,4207144796
28,2,上海,無,2022/3/11,2022/3/12,1,4207144796
30,2,上海,無,2022/3/11,2022/3/12,1,4207144796
28,2,上海,無,2022/3/21,2022/3/22,1,4207144796
34,2,千葉,香港,2020/9/20,2020/9/20,2,4208447277
27,2,千葉,香港,2020/9/28,2020/9/28,2,4208447277
33,2,千葉,香港,2022/3/5,2022/3/5,2,4208447277
128,2,千葉,香港,2022/3/16,2022/3/17,2,4208447277
27,2,千葉,香港,2022/3/22,2022/3/22,2,4208447277
38,2,大阪,海防,2022/3/8,2022/3/9,3,4209043201
132,2,大阪,海防,2022/3/16,2022/3/17,3,4209043201
95,2,大阪,香港,2022/3/11,2022/3/11,3,4209043201
95,2,大阪,無,2022/3/9,2022/3/10,3,4209043201
131,2,大阪,無,2022/3/12,2022/3/12,3,4209043201
128,2,大阪,無,2022/3/17,2022/3/18,3,4209043201
18,2,大阪,無,2022/3/24,2022/3/24,3,4209043201
26,0,山東青島,臺北港,2020/9/20,2020/9/22,4,4209943590
25,0,山東青島,高雄港,2020/9/7,2020/9/8,4,4209943590
24,0,山東青島,高雄港,2020/9/13,2020/9/14,4,4209943590
25,0,山東青島,高雄港,2020/9/26,2020/9/27,4,4209943590
14,0,山東青島,那瓦夏瓦,2020/9/1,2020/9/2,4,4209943590
24,0,山東青島,江蘇連雲港,2020/9/5,2020/9/7,4,4209943590
26,0,山東青島,江蘇連雲港,2020/9/11,2020/9/13,4,4209943590
25,0,山東青島,江蘇連雲港,2020/9/18,2020/9/20,4,4209943590
24,0,山東青島,江蘇連雲港,2020/9/25,2020/9/27,4,4209943590
140,0,山東青島,天津新港,2022/3/5,2022/3/7,4,4209943590
25,0,山東青島,天津新港,2022/3/8,2022/3/10,4,4209943590
26,0,山東青島,天津,2022/3/17,2022/3/20,4,4209943590
140,0,山東青島,天津,2022/3/29,2022/3/31,4,4209943590
12,2,山東青島,山東青島,2020/9/7,2020/9/7,4,4209943590
30,2,山東青島,山東青島,2020/9/18,2020/9/19,4,4209943590
30,2,山東青島,山東青島,2020/9/18,2020/9/18,4,4209943590
30,2,山東青島,山東青島,2022/3/10,2022/3/10,4,4209943590
30,2,山東青島,山東青島,2022/3/23,2022/3/24,4,4209943590
30,2,山東青島,山東青島,2022/3/24,2022/3/25,4,4209943590
29,2,山東青島,山東青島,2022/3/28,2022/3/28,4,4209943590
29,2,山東青島,上海,2020/9/8,2020/9/8,4,4209943590
29,2,山東青島,上海,2020/9/21,2020/9/21,4,4209943590
29,2,山東青島,上海,2022/3/12,2022/3/12,4,4209943590
29,2,山東青島,上海,2022/3/14,2022/3/14,4,4209943590
29,2,山東青島,上海,2022/3/27,2022/3/27,4,4209943590
30,2,山東青島,無,2022/3/9,2022/3/9,4,4209943590
29,2,山東青島,無,2022/3/13,2022/3/13,4,4209943590
29,2,山東青島,無,2022/3/28,2022/3/29,4,4209943590
27,2,川崎,香港,2020/9/1,2020/9/1,5,4210045396
116,0,丹戎帕拉帕斯,馬尼拉,2022/3/12,2022/3/14,6,4215042661
40,2,巴生港,韓國其他港口,2020/9/25,2020/9/26,7,4220242445
19,2,巴生港,廣東蛇口,2022/3/6,2022/3/7,7,4220242445
35,2,巴生港,臺北港,2022/3/5,2022/3/5,7,4220242445
131,2,巴生港,臺北港,2022/3/26,2022/3/27,7,4220242445
123,0,巴西古丹(巴錫爾古當),香港,2020/9/3,2020/9/4,8,4220242728
122,0,巴西古丹(巴錫爾古當),香港,2020/9/10,2020/9/11,8,4220242728
119,0,巴西古丹(巴錫爾古當),香港,2020/9/18,2020/9/18,8,4220242728
114,0,巴西古丹(巴錫爾古當),香港,2020/9/25,2020/9/25,8,4220242728
122,0,巴西古丹(巴錫爾古當),香港,2022/3/10,2022/3/13,8,4220242728
119,0,巴西古丹(巴錫爾古當),香港,2022/3/13,2022/3/15,8,4220242728
120,0,巴西古丹(巴錫爾古當),香港,2022/3/20,2022/3/21,8,4220242728
63,0,巴拿馬其他港口,香港,2022/3/13,2022/3/14,9,4220244723
133,2,日本其他港口,廣東蛇口,2020/9/21,2020/9/22,10,4221742427
49,2,日本其他港口,新加坡其他港口,2020/9/1,2020/9/2,10,4221742427
127,2,日本其他港口,新加坡其他港口,2022/3/1,2022/3/2,10,4221742427
70,2,日本其他港口,新加坡,2020/9/7,2020/9/7,10,4221742427
70,2,日本其他港口,新加坡,2020/9/8,2020/9/9,10,4221742427
78,2,日本其他港口,新加坡,2020/9/21,2020/9/21,10,4221742427
78,2,日本其他港口,新加坡,2020/9/22,2020/9/23,10,4221742427
80,2,日本其他港口,越南其他港口,2020/9/1,2020/9/1,10,4221742427
27,2,日本其他港口,越南其他港口,2020/9/2,2020/9/2,10,4221742427
36,2,日本其他港口,越南其他港口,2020/9/8,2020/9/8,10,4221742427
95,2,日本其他港口,越南其他港口,2020/9/10,2020/9/11,10,4221742427
95,2,日本其他港口,越南其他港口,2020/9/11,2020/9/11,10,4221742427
94,2,日本其他港口,越南其他港口,2020/9/16,2020/9/17,10,4221742427
90,2,日本其他港口,越南其他港口,2020/9/18,2020/9/18,10,4221742427
80,2,日本其他港口,越南其他港口,2020/9/22,2020/9/22,10,4221742427
36,2,日本其他港口,越南其他港口,2020/9/27,2020/9/28,10,4221742427
27,2,日本其他港口,越南其他港口,2020/9/29,2020/9/29,10,4221742427
130,2,日本其他港口,越南其他港口,2022/3/1,2022/3/1,10,4221742427
36,2,日本其他港口,越南其他港口,2022/3/8,2022/3/8,10,4221742427
36,2,日本其他港口,越南其他港口,2022/3/19,2022/3/20,10,4221742427
130,2,日本其他港口,越南其他港口,2022/3/25,2022/3/26,10,4221742427
38,2,日本其他港口,海防,2020/9/4,2020/9/5,10,4221742427
38,2,日本其他港口,海防,2020/9/25,2020/9/25,10,4221742427
93,2,日本其他港口,泰國其他港口,2020/9/11,2020/9/11,10,4221742427
91,2,日本其他港口,泰國其他港口,2020/9/16,2020/9/16,10,4221742427
92,2,日本其他港口,泰國其他港口,2020/9/23,2020/9/23,10,4221742427
4,2,日本其他港口,泰國其他港口,2022/3/1,2022/3/1,10,4221742427
5,2,日本其他港口,泰國其他港口,2022/3/29,2022/3/29,10,4221742427
91,2,日本其他港口,泰國其他港口,2022/3/31,2022/3/31,10,4221742427
18,2,日本其他港口,香港,2020/9/1,2020/9/1,10,4221742427
82,2,日本其他港口,香港,2020/9/2,2020/9/2,10,4221742427
94,2,日本其他港口,香港,2020/9/3,2020/9/4,10,4221742427
94,2,日本其他港口,香港,2020/9/3,2020/9/3,10,4221742427
6,2,日本其他港口,香港,2020/9/15,2020/9/15,10,4221742427
18,2,日本其他港口,香港,2020/9/16,2020/9/16,10,4221742427
94,2,日本其他港口,香港,2020/9/17,2020/9/18,10,4221742427
5,2,日本其他港口,香港,2020/9/20,2020/9/20,10,4221742427
34,2,日本其他港口,香港,2020/9/21,2020/9/21,10,4221742427
95,2,日本其他港口,香港,2020/9/23,2020/9/24,10,4221742427
95,2,日本其他港口,香港,2020/9/24,2020/9/25,10,4221742427
94,2,日本其他港口,香港,2020/9/30,2020/9/30,10,4221742427
94,2,日本其他港口,香港,2022/3/3,2022/3/3,10,4221742427
94,2,日本其他港口,香港,2022/3/4,2022/3/4,10,4221742427
94,2,日本其他港口,香港,2022/3/17,2022/3/18,10,4221742427
95,2,日本其他港口,香港,2022/3/23,2022/3/24,10,4221742427
95,2,日本其他港口,香港,2022/3/24,2022/3/25,10,4221742427
94,2,日本其他港口,香港,2022/3/30,2022/3/31,10,4221742427
94,2,日本其他港口,香港,2022/3/31,2022/3/31,10,4221742427
40,2,日本其他港口,胡志明,2020/9/7,2020/9/7,10,4221742427
33,2,日本其他港口,卡萊港,2020/9/16,2020/9/16,10,4221742427
18,2,日本其他港口,日本其他港口,2020/9/19,2020/9/19,10,4221742427
18,2,日本其他港口,日本其他港口,2020/9/29,2020/9/29,10,4221742427
81,2,日本其他港口,中國其他港口,2020/9/28,2020/9/28,10,4221742427
35,2,日本其他港口,無,2022/3/16,2022/3/17,10,4221742427
94,2,日本其他港口,無,2022/3/16,2022/3/17,10,4221742427
27,2,日本其他港口,無,2022/3/23,2022/3/23,10,4221742427
39,2,日本其他港口,無,2022/3/23,2022/3/23,10,4221742427
39,2,日本其他港口,無,2022/3/24,2022/3/25,10,4221742427
67,0,他科馬,廣東鹽田,2020/9/16,2020/9/16,11,4231644268
71,2,卡洛,廣東蛇口,2022/3/18,2022/3/19,12,4234044197
113,2,卡萊港,臺北港,2022/3/10,2022/3/10,13,4234046556
69,1,卡萊港,雅加達,2020/9/4,2020/9/5,13,4234046556
59,1,卡萊港,雅加達,2020/9/11,2020/9/12,13,4234046556
93,2,四日市,廣東蛇口,2022/3/8,2022/3/9,14,4236442217
116,0,四日市,臺中港,2020/9/20,2020/9/20,14,4236442217
82,2,四日市,香港,2020/9/1,2020/9/2,14,4236442217
70,2,四日市,香港,2020/9/6,2020/9/6,14,4236442217
93,2,四日市,香港,2020/9/10,2020/9/11,14,4236442217
91,2,四日市,香港,2020/9/15,2020/9/16,14,4236442217
79,2,四日市,香港,2020/9/15,2020/9/15,14,4236442217
78,2,四日市,香港,2020/9/20,2020/9/21,14,4236442217
92,2,四日市,香港,2020/9/22,2020/9/23,14,4236442217
49,2,四日市,香港,2020/9/30,2020/9/30,14,4236442217
79,2,四日市,香港,2022/3/6,2022/3/7,14,4236442217
127,2,四日市,香港,2022/3/13,2022/3/13,14,4236442217
90,2,四日市,香港,2022/3/15,2022/3/16,14,4236442217
39,2,四日市,香港,2022/3/22,2022/3/23,14,4236442217
93,2,四日市,利加班,2020/9/12,2020/9/12,14,4236442217
91,2,四日市,利加班,2020/9/18,2020/9/18,14,4236442217
92,2,四日市,利加班,2020/9/24,2020/9/24,14,4236442217
90,2,四日市,利加班,2022/3/17,2022/3/17,14,4236442217
116,0,四日市,丹戎帕拉帕斯,2020/9/20,2020/9/21,14,4236442217
6,2,光陽,香港,2020/9/13,2020/9/14,15,4249046759
5,2,光陽,香港,2020/9/19,2020/9/19,15,4249046759
15,2,光陽,香港,2022/3/11,2022/3/12,15,4249046759
12,2,光陽,香港,2022/3/25,2022/3/26,15,4249046759
12,2,光陽,香港,2022/3/26,2022/3/27,15,4249046759
85,2,印尼其他港口,馬來西亞其他港口,2020/9/13,2020/9/14,16,4257242407
133,2,印尼其他港口,印尼其他港口,2022/3/8,2022/3/9,16,4257242407
82,2,名古屋,利加班,2020/9/3,2020/9/3,17,4258342346
74,1,江蘇連雲港,臺中港,2020/9/5,2020/9/5,18,4268750348
74,1,江蘇連雲港,臺中港,2020/9/19,2020/9/20,18,4268750348
72,1,江蘇連雲港,臺中港,2022/3/10,2022/3/12,18,4268750348
73,1,江蘇連雲港,臺中港,2022/3/13,2022/3/14,18,4268750348
72,1,江蘇連雲港,臺中港,2022/3/28,2022/3/29,18,4268750348
73,1,江蘇連雲港,臺中港,2022/3/28,2022/3/29,18,4268750348
73,1,江蘇連雲港,高雄港,2020/8/31,2020/9/1,18,4268750348
73,1,江蘇連雲港,高雄港,2020/9/14,2020/9/15,18,4268750348
12,2,江蘇連雲港,海防,2020/9/8,2020/9/8,18,4268750348
30,2,江蘇連雲港,天津新港,2022/3/23,2022/3/23,18,4268750348
12,2,江蘇連雲港,上海,2020/9/6,2020/9/6,18,4268750348
30,2,江蘇連雲港,上海,2020/9/17,2020/9/17,18,4268750348
30,2,江蘇連雲港,上海,2020/9/19,2020/9/20,18,4268750348
73,1,江蘇連雲港,上海,2022/3/14,2022/3/15,18,4268750348
30,2,江蘇連雲港,上海,2022/3/26,2022/3/26,18,4268750348
72,1,江蘇連雲港,無,2022/3/12,2022/3/12,18,4268750348
11,2,利加班,香港,2022/3/17,2022/3/19,19,4283342331
91,2,利加班,東京,2020/9/5,2020/9/5,19,4283342331
92,2,利加班,東京,2020/9/12,2020/9/13,19,4283342331
82,2,利加班,東京,2020/9/20,2020/9/20,19,4283342331
5,2,利加班,日本其他港口,2022/3/13,2022/3/14,19,4283342331
84,2,沙凡那,洛杉磯,2022/2/28,2022/3/1,20,4307842074
75,2,沙凡那,沙凡那,2022/3/11,2022/3/12,20,4307842074
58,2,沙凡那,沙凡那,2022/3/24,2022/3/25,20,4307842074
76,2,那瓦夏瓦,廣東蛇口,2020/9/26,2020/9/27,21,4319442443
121,0,東京,關丹,2020/9/14,2020/9/14,22,4359043210
115,0,東京,新山(柔佛),2020/9/19,2020/9/19,22,4359043210
114,0,東京,雅加達,2020/9/5,2020/9/6,22,4359043210
117,0,東京,雅加達,2020/9/12,2020/9/13,22,4359043210
121,0,東京,雅加達,2022/3/14,2022/3/14,22,4359043210
117,0,東京,雅加達,2022/3/27,2022/3/28,22,4359043210
120,0,東京,曼谷,2022/3/3,2022/3/4,22,4359043210
52,0,東京,高雄港,2020/9/16,2020/9/16,22,4359043210
38,2,東京,香港,2020/9/3,2020/9/4,22,4359043210
37,2,東京,香港,2020/9/11,2020/9/11,22,4359043210
132,2,東京,香港,2022/3/15,2022/3/16,22,4359043210
127,2,東京,東京,2022/3/15,2022/3/16,22,4359043210
93,2,東京,無,2022/3/9,2022/3/9,22,4359043210
127,2,東京,無,2022/3/14,2022/3/15,22,4359043210
90,2,東京,無,2022/3/16,2022/3/16,22,4359043210
117,0,泗水,臺北港,2020/8/31,2020/9/1,23,4363442228
115,0,泗水,臺北港,2020/9/7,2020/9/7,23,4363442228
123,0,泗水,臺北港,2020/9/21,2020/9/22,23,4363442228
117,0,泗水,臺北港,2022/3/13,2022/3/14,23,4363442228
2,2,泗水,雅加達,2022/3/7,2022/3/8,23,4363442228
3,2,泗水,雅加達,2022/3/15,2022/3/15,23,4363442228
126,2,泗水,雅加達,2022/3/21,2022/3/21,23,4363442228
39,2,泗水,香港,2020/9/5,2020/9/5,23,4363442228
39,2,泗水,香港,2020/9/6,2020/9/7,23,4363442228
50,2,泗水,香港,2020/9/11,2020/9/12,23,4363442228
50,2,泗水,香港,2020/9/13,2020/9/14,23,4363442228
39,2,泗水,香港,2020/9/25,2020/9/26,23,4363442228
39,2,泗水,香港,2020/9/26,2020/9/26,23,4363442228
39,2,泗水,香港,2020/9/28,2020/9/28,23,4363442228
2,2,泗水,香港,2022/3/6,2022/3/7,23,4363442228
126,2,泗水,香港,2022/3/19,2022/3/20,23,4363442228
121,0,泗水,東京,2022/3/1,2022/3/2,23,4363442228
3,2,泗水,利加班,2022/3/12,2022/3/13,23,4363442228
122,0,泗水,Gwangyang,2020/9/26,2020/9/28,23,4363442228
3,2,泗水,無,2022/3/14,2022/3/14,23,4363442228
126,2,泗水,無,2022/3/20,2022/3/20,23,4363442228
32,2,長灘,長灘,2022/3/13,2022/3/14,24,4376850553
86,2,長灘,長灘,2022/3/24,2022/3/25,24,4376850553
94,2,門司,香港,2020/9/1,2020/9/1,25,4376942353
95,2,門司,香港,2020/9/10,2020/9/10,25,4376942353
94,2,門司,香港,2020/9/15,2020/9/15,25,4376942353
95,2,門司,香港,2020/9/22,2020/9/22,25,4376942353
94,2,門司,香港,2020/9/29,2020/9/29,25,4376942353
18,2,門司,香港,2022/3/6,2022/3/7,25,4376942353
18,2,門司,香港,2022/3/23,2022/3/23,25,4376942353
45,0,洛杉磯,廣東鹽田,2020/9/28,2020/9/29,26,4419743004
62,0,洛杉磯,傑貝阿,2020/9/17,2020/9/18,26,4419743004
47,0,洛杉磯,香港,2020/9/10,2020/9/11,26,4419743004
66,0,洛杉磯,香港,2020/9/24,2020/9/25,26,4419743004
83,2,洛杉磯,洛杉磯,2022/3/12,2022/3/13,26,4419743004
89,1,洛杉磯,無,2022/3/7,2022/3/8,26,4419743004
88,1,洛杉磯,無,2022/3/27,2022/3/28,26,4419743004
106,0,科隆,上海,2020/9/23,2020/9/23,27,4426846761
80,2,胡志明,博多,2020/9/11,2020/9/11,28,4436242963
36,2,胡志明,博多,2020/9/18,2020/9/19,28,4436242963
90,2,胡志明,博多,2020/9/28,2020/9/28,28,4436242963
90,2,胡志明,香港,2020/9/3,2020/9/3,28,4436242963
90,2,胡志明,日本其他港口,2020/9/3,2020/9/3,28,4436242963
130,2,胡志明,日本其他港口,2022/3/11,2022/3/11,28,4436242963
41,2,胡志明,仁川,2020/9/8,2020/9/9,28,4436242963
43,2,胡志明,仁川,2020/9/16,2020/9/16,28,4436242963
40,2,胡志明,仁川,2020/9/26,2020/9/27,28,4436242963
51,0,胡志明,大阪,2020/9/9,2020/9/10,28,4436242963
51,0,胡志明,大阪,2020/9/27,2020/9/28,28,4436242963
23,0,胡志明,大阪,2022/3/2,2022/3/3,28,4436242963
20,0,胡志明,大阪,2022/3/9,2022/3/10,28,4436242963
22,0,胡志明,大阪,2022/3/14,2022/3/16,28,4436242963
23,0,胡志明,大阪,2022/3/25,2022/3/26,28,4436242963
130,2,胡志明,無,2022/3/11,2022/3/12,28,4436242963
11,2,胡志明,無,2022/3/19,2022/3/19,28,4436242963
19,2,胡志明,無,2022/3/20,2022/3/21,28,4436242963
36,2,胡志明,無,2022/3/30,2022/3/30,28,4436242963
18,2,香港其他港口,日本其他港口,2020/9/5,2020/9/5,29,4447546308
6,2,香港,廣東蛇口,2022/3/7,2022/3/7,29,4447546308
30,2,香港,臺北港,2020/9/5,2020/9/6,29,4447546308
18,2,香港,臺北港,2022/3/7,2022/3/8,29,4447546308
18,2,香港,臺北港,2022/3/11,2022/3/12,29,4447546308
18,2,香港,臺北港,2022/3/13,2022/3/14,29,4447546308
100,0,香港,臺北港,2022/3/14,2022/3/17,29,4447546308
18,2,香港,臺北港,2022/3/27,2022/3/27,29,4447546308
69,1,香港,臺中港,2020/9/2,2020/9/3,29,4447546308
121,0,香港,臺中港,2020/9/2,2020/9/3,29,4447546308
59,1,香港,臺中港,2020/9/9,2020/9/10,29,4447546308
116,0,香港,臺中港,2020/9/10,2020/9/11,29,4447546308
77,1,香港,臺中港,2020/9/11,2020/9/11,29,4447546308
59,1,香港,臺中港,2020/9/12,2020/9/13,29,4447546308
53,0,香港,臺中港,2020/9/15,2020/9/15,29,4447546308
68,1,香港,臺中港,2020/9/24,2020/9/24,29,4447546308
53,0,香港,臺中港,2020/9/26,2020/9/27,29,4447546308
69,1,香港,臺中港,2022/3/10,2022/3/12,29,4447546308
77,1,香港,臺中港,2022/3/26,2022/3/26,29,4447546308
53,0,香港,博多,2020/9/27,2020/9/27,29,4447546308
36,2,香港,博多,2022/3/9,2022/3/9,29,4447546308
8,0,香港,宿移,2022/3/20,2022/3/21,29,4447546308
89,1,香港,基隆港,2020/9/1,2020/9/2,29,4447546308
6,2,香港,基隆港,2022/3/5,2022/3/6,29,4447546308
2,2,香港,基隆港,2022/3/14,2022/3/15,29,4447546308
2,2,香港,基隆港,2022/3/20,2022/3/21,29,4447546308
2,2,香港,基隆港,2022/3/28,2022/3/28,29,4447546308
56,2,香港,恩塞納達,2022/2/28,2022/3/1,29,4447546308
2,2,香港,香港,2020/9/4,2020/9/5,29,4447546308
2,2,香港,香港,2020/9/5,2020/9/6,29,4447546308
2,2,香港,香港,2020/9/12,2020/9/12,29,4447546308
2,2,香港,香港,2020/9/13,2020/9/13,29,4447546308
2,2,香港,香港,2020/9/18,2020/9/19,29,4447546308
2,2,香港,香港,2020/9/19,2020/9/20,29,4447546308
2,2,香港,香港,2020/9/25,2020/9/26,29,4447546308
2,2,香港,香港,2020/9/27,2020/9/28,29,4447546308
6,2,香港,香港,2022/3/4,2022/3/5,29,4447546308
2,2,香港,香港,2022/3/12,2022/3/12,29,4447546308
2,2,香港,香港,2022/3/18,2022/3/19,29,4447546308
2,2,香港,香港,2022/3/26,2022/3/26,29,4447546308
2,2,香港,香港,2022/3/27,2022/3/27,29,4447546308
89,1,香港,洛杉磯,2020/9/3,2020/9/4,29,4447546308
93,2,香港,東京,2020/9/27,2020/9/27,29,4447546308
91,2,香港,東京,2022/3/15,2022/3/15,29,4447546308
57,2,香港,可倫坡,2020/9/30,2020/9/30,29,4447546308
46,0,香港,他科馬,2020/9/2,2020/9/3,29,4447546308
18,2,香港,日本其他港口,2020/9/6,2020/9/6,29,4447546308
18,2,香港,日本其他港口,2020/9/20,2020/9/20,29,4447546308
115,0,香港,巴西古丹(巴錫爾古當),2022/3/4,2022/3/5,29,4447546308
114,0,香港,巴西古丹(巴錫爾古當),2022/3/12,2022/3/13,29,4447546308
48,2,香港,仁川,2020/9/4,2020/9/4,29,4447546308
35,2,香港,仁川,2022/3/7,2022/3/7,29,4447546308
138,0,香港,仁川,2022/3/30,2022/3/31,29,4447546308
55,2,香港,山東青島,2022/3/7,2022/3/8,29,4447546308
18,2,香港,大阪,2020/9/6,2020/9/6,29,4447546308
53,0,香港,大阪,2020/9/11,2020/9/12,29,4447546308
81,2,香港,大阪,2020/9/17,2020/9/17,29,4447546308
18,2,香港,大阪,2020/9/21,2020/9/21,29,4447546308
4,2,香港,大阪,2022/3/21,2022/3/22,29,4447546308
30,2,香港,上海,2020/9/6,2020/9/7,29,4447546308
120,0,香港,上海,2020/9/24,2020/9/25,29,4447546308
118,0,香港,上海,2022/2/28,2022/3/1,29,4447546308
99,0,香港,上海,2022/3/25,2022/3/27,29,4447546308
131,2,香港,無,2022/3/1,2022/3/2,29,4447546308
127,2,香港,無,2022/3/2,2022/3/3,29,4447546308
90,2,香港,無,2022/3/5,2022/3/5,29,4447546308
19,2,香港,無,2022/3/7,2022/3/8,29,4447546308
81,2,香港,無,2022/3/12,2022/3/13,29,4447546308
130,2,香港,無,2022/3/12,2022/3/13,29,4447546308
2,2,香港,無,2022/3/13,2022/3/14,29,4447546308
18,2,香港,無,2022/3/14,2022/3/15,29,4447546308
91,2,香港,無,2022/3/14,2022/3/14,29,4447546308
5,2,香港,無,2022/3/15,2022/3/16,29,4447546308
5,2,香港,無,2022/3/15,2022/3/15,29,4447546308
91,2,香港,無,2022/3/15,2022/3/15,29,4447546308
2,2,香港,無,2022/3/19,2022/3/20,29,4447546308
4,2,香港,無,2022/3/21,2022/3/21,29,4447546308
19,2,香港,無,2022/3/21,2022/3/21,29,4447546308
34,2,香港,無,2022/3/26,2022/3/26,29,4447546308
129,2,香港,無,2022/3/27,2022/3/28,29,4447546308
81,2,香港,無,2022/3/28,2022/3/29,29,4447546308
18,2,香港,無,2022/3/28,2022/3/28,29,4447546308
131,2,香港,無,2022/3/28,2022/3/28,29,4447546308
18,2,香港,無,2022/3/29,2022/3/29,29,4447546308
82,2,香港,無,2022/3/31,2022/3/31,29,4447546308
91,2,泰國其他港口,日本其他港口,2020/9/4,2020/9/4,30,4478945290
92,2,泰國其他港口,日本其他港口,2020/9/12,2020/9/12,30,4478945290
81,2,泰國其他港口,日本其他港口,2020/9/15,2020/9/16,30,4478945290
81,2,泰國其他港口,日本其他港口,2020/9/16,2020/9/17,30,4478945290
82,2,泰國其他港口,日本其他港口,2020/9/19,2020/9/20,30,4478945290
4,2,泰國其他港口,日本其他港口,2022/3/20,2022/3/20,30,4478945290
19,2,泰國其他港口,日本其他港口,2022/3/20,2022/3/20,30,4478945290
8,0,海防,宿移,2020/9/1,2020/9/2,31,4479643198
49,2,海防,紐約,2022/3/10,2022/3/11,31,4479643198
8,0,海防,海防,2020/9/8,2020/9/9,31,4479643198
8,0,海防,海防,2020/9/15,2020/9/16,31,4479643198
12,2,海防,海防,2020/9/15,2020/9/16,31,4479643198
8,0,海防,海防,2020/9/22,2020/9/23,31,4479643198
12,2,海防,海防,2020/9/22,2020/9/22,31,4479643198
12,2,海防,海防,2020/9/28,2020/9/29,31,4479643198
12,2,海防,海防,2022/3/3,2022/3/3,31,4479643198
103,2,海防,海防,2022/3/12,2022/3/12,31,4479643198
51,0,海防,海防,2022/3/17,2022/3/18,31,4479643198
103,2,海防,海防,2022/3/18,2022/3/18,31,4479643198
103,2,海防,海防,2022/3/25,2022/3/25,31,4479643198
8,0,海防,香港,2020/9/29,2020/9/30,31,4479643198
51,0,海防,香港,2022/3/7,2022/3/8,31,4479643198
139,0,浙江寧波(舊),廣東鹽田,2022/3/25,2022/3/26,32,4479742687
65,0,浙江寧波,廣東鹽田,2022/3/12,2022/3/14,32,4479742687
61,0,浙江寧波,廣東鹽田,2022/3/14,2022/3/16,32,4479742687
106,0,浙江寧波,廣東鹽田,2022/3/23,2022/3/25,32,4479742687
107,0,浙江寧波,廣東鹽田,2022/3/23,2022/3/23,32,4479742687
47,0,浙江寧波,廣東鹽田,2022/3/26,2022/3/27,32,4479742687
112,0,浙江寧波,廣東鹽田,2022/3/30,2022/3/31,32,4479742687
60,0,浙江寧波,臺北港,2022/3/29,2022/3/30,32,4479742687
10,0,浙江寧波,浙江寧波,2020/9/3,2020/9/3,32,4479742687
10,0,浙江寧波,浙江寧波,2020/9/11,2020/9/12,32,4479742687
10,0,浙江寧波,浙江寧波,2020/9/19,2020/9/19,32,4479742687
10,0,浙江寧波,浙江寧波,2020/9/27,2020/9/28,32,4479742687
28,2,浙江寧波,浙江寧波,2020/9/28,2020/9/28,32,4479742687
28,2,浙江寧波,浙江寧波,2022/3/3,2022/3/4,32,4479742687
10,0,浙江寧波,浙江寧波,2022/3/8,2022/3/9,32,4479742687
28,2,浙江寧波,浙江寧波,2022/3/12,2022/3/13,32,4479742687
10,0,浙江寧波,浙江寧波,2022/3/21,2022/3/21,32,4479742687
10,0,浙江寧波,浙江寧波,2022/3/29,2022/3/30,32,4479742687
47,0,浙江寧波,洛杉磯,2020/9/16,2020/9/17,32,4479742687
61,0,浙江寧波,山東青島,2022/3/3,2022/3/4,32,4479742687
117,0,神戶,臺中港,2020/9/12,2020/9/12,33,4497142209
114,0,神戶,高雄港,2020/9/5,2020/9/5,33,4497142209
77,1,神戶,高雄港,2020/9/23,2020/9/23,33,4497142209
137,2,神戶,香港,2022/3/22,2022/3/23,33,4497142209
135,2,神戶,香港,2022/3/31,2022/3/31,33,4497142209
115,0,神戶,泗水,2020/9/20,2020/9/20,33,4497142209
77,1,神戶,無,2022/3/8,2022/3/9,33,4497142209
136,2,神戶,無,2022/3/16,2022/3/17,33,4497142209
99,0,紐約,廣東鹽田,2020/9/16,2020/9/17,34,4499544281
48,2,釜山,新加坡,2020/9/16,2020/9/17,35,4517742099
34,2,釜山,新加坡,2022/3/4,2022/3/5,35,4517742099
129,2,釜山,釜山,2022/3/6,2022/3/7,35,4517742099
36,2,釜山,香港,2020/9/7,2020/9/7,35,4517742099
48,2,釜山,香港,2020/9/15,2020/9/15,35,4517742099
90,2,釜山,香港,2020/9/17,2020/9/17,35,4517742099
80,2,釜山,香港,2020/9/20,2020/9/21,35,4517742099
36,2,釜山,香港,2020/9/26,2020/9/27,35,4517742099
129,2,釜山,香港,2022/3/4,2022/3/5,35,4517742099
103,2,釜山,香港,2022/3/4,2022/3/4,35,4517742099
36,2,釜山,香港,2022/3/18,2022/3/18,35,4517742099
130,2,釜山,香港,2022/3/24,2022/3/24,35,4517742099
91,2,釜山,香港,2022/3/30,2022/3/31,35,4517742099
7,2,馬尼拉南港,馬尼拉南港,2022/3/6,2022/3/7,36,4522442407
7,2,馬尼拉南港,馬尼拉南港,2022/3/13,2022/3/14,36,4522442407
7,2,馬尼拉南港,馬尼拉南港,2022/3/20,2022/3/21,36,4522442407
7,2,馬尼拉南港,馬尼拉南港,2022/3/28,2022/3/29,36,4522442407
141,0,馬尼拉,浙江寧波,2022/3/28,2022/3/29,36,4522442407
114,0,馬尼拉,巴西古丹(巴錫爾古當),2022/3/28,2022/3/31,36,4522442407
123,0,馬尼拉,Gwangyang,2022/3/18,2022/3/20,36,4522442407
115,0,馬尼拉,Gwangyang,2022/3/22,2022/3/24,36,4522442407
9,0,高雄港,臺北港,2020/9/7,2020/9/7,37,4522646767
9,0,高雄港,臺北港,2020/9/12,2020/9/12,37,4522646767
9,0,高雄港,臺北港,2020/9/14,2020/9/15,37,4522646767
9,0,高雄港,臺北港,2020/9/23,2020/9/23,37,4522646767
9,0,高雄港,臺北港,2020/9/30,2020/9/30,37,4522646767
24,0,高雄港,臺北港,2022/3/6,2022/3/7,37,4522646767
24,0,高雄港,臺北港,2022/3/13,2022/3/14,37,4522646767
9,0,高雄港,臺北港,2022/3/15,2022/3/16,37,4522646767
24,0,高雄港,臺北港,2022/3/19,2022/3/20,37,4522646767
24,0,高雄港,臺北港,2022/3/27,2022/3/28,37,4522646767
102,2,高雄港,福建福州,2020/8/31,2020/9/1,37,4522646767
102,2,高雄港,福建福州,2020/9/5,2020/9/5,37,4522646767
102,2,高雄港,福建福州,2020/9/7,2020/9/7,37,4522646767
102,2,高雄港,福建福州,2020/9/12,2020/9/12,37,4522646767
102,2,高雄港,福建福州,2020/9/14,2020/9/15,37,4522646767
102,2,高雄港,福建福州,2020/9/19,2020/9/19,37,4522646767
102,2,高雄港,福建福州,2020/9/21,2020/9/22,37,4522646767
102,2,高雄港,福建福州,2020/9/27,2020/9/27,37,4522646767
102,2,高雄港,福建福州,2020/9/29,2020/9/30,37,4522646767
9,0,高雄港,高雄港,2020/9/1,2020/9/1,37,4522646767
73,1,高雄港,高雄港,2020/9/2,2020/9/2,37,4522646767
9,0,高雄港,高雄港,2020/9/5,2020/9/5,37,4522646767
9,0,高雄港,高雄港,2020/9/8,2020/9/8,37,4522646767
9,0,高雄港,高雄港,2020/9/11,2020/9/12,37,4522646767
9,0,高雄港,高雄港,2020/9/15,2020/9/16,37,4522646767
73,1,高雄港,高雄港,2020/9/17,2020/9/17,37,4522646767
9,0,高雄港,高雄港,2020/9/19,2020/9/19,37,4522646767
9,0,高雄港,高雄港,2020/9/25,2020/9/26,37,4522646767
9,0,高雄港,高雄港,2020/9/26,2020/9/26,37,4522646767
73,1,高雄港,高雄港,2020/9/28,2020/9/28,37,4522646767
9,0,高雄港,高雄港,2022/2/28,2022/3/1,37,4522646767
24,0,高雄港,高雄港,2022/2/28,2022/3/1,37,4522646767
24,0,高雄港,高雄港,2022/3/2,2022/3/3,37,4522646767
9,0,高雄港,高雄港,2022/3/3,2022/3/3,37,4522646767
24,0,高雄港,高雄港,2022/3/7,2022/3/8,37,4522646767
9,0,高雄港,高雄港,2022/3/9,2022/3/9,37,4522646767
9,0,高雄港,高雄港,2022/3/12,2022/3/13,37,4522646767
24,0,高雄港,高雄港,2022/3/14,2022/3/15,37,4522646767
9,0,高雄港,高雄港,2022/3/17,2022/3/18,37,4522646767
24,0,高雄港,高雄港,2022/3/21,2022/3/22,37,4522646767
9,0,高雄港,高雄港,2022/3/24,2022/3/25,37,4522646767
24,0,高雄港,高雄港,2022/3/28,2022/3/29,37,4522646767
9,0,高雄港,高雄港,2022/3/30,2022/3/31,37,4522646767
46,0,高雄港,洛杉磯,2020/9/4,2020/9/5,37,4522646767
64,0,高雄港,洛杉磯,2020/9/10,2020/9/11,37,4522646767
47,0,高雄港,洛杉磯,2020/9/18,2020/9/19,37,4522646767
61,0,高雄港,洛杉磯,2020/9/24,2020/9/24,37,4522646767
100,0,高雄港,洛杉磯,2022/3/18,2022/3/19,37,4522646767
117,0,高雄港,東京,2020/9/1,2020/9/2,37,4522646767
115,0,高雄港,東京,2020/9/8,2020/9/8,37,4522646767
123,0,高雄港,東京,2020/9/22,2020/9/23,37,4522646767
117,0,高雄港,東京,2022/3/14,2022/3/15,37,4522646767
54,2,高雄港,那瓦夏瓦,2022/3/22,2022/3/23,37,4522646767
26,0,高雄港,天津,2020/9/22,2020/9/23,37,4522646767
10,0,高雄港,上海,2020/9/4,2020/9/4,37,4522646767
10,0,高雄港,上海,2020/9/12,2020/9/12,37,4522646767
10,0,高雄港,上海,2020/9/20,2020/9/20,37,4522646767
10,0,高雄港,上海,2020/9/28,2020/9/29,37,4522646767
10,0,高雄港,上海,2022/3/1,2022/3/1,37,4522646767
10,0,高雄港,上海,2022/3/10,2022/3/10,37,4522646767
10,0,高雄港,上海,2022/3/22,2022/3/22,37,4522646767
10,0,高雄港,上海,2022/3/30,2022/3/31,37,4522646767
87,1,高雄港,無,2022/2/27,2022/3/1,37,4522646767
96,0,高雄港,無,2022/2/28,2022/3/2,37,4522646767
9,0,高雄港,無,2022/3/6,2022/3/6,37,4522646767
89,1,高雄港,無,2022/3/19,2022/3/20,37,4522646767
9,0,高雄港,無,2022/3/20,2022/3/20,37,4522646767
4,2,曼谷,廣東廣州,2020/9/7,2020/9/8,38,4526643174
91,2,曼谷,東京,2020/9/3,2020/9/4,38,4526643174
92,2,曼谷,東京,2020/9/10,2020/9/11,38,4526643174
77,1,曼谷,東京,2020/9/12,2020/9/12,38,4526643174
82,2,曼谷,東京,2020/9/18,2020/9/19,38,4526643174
93,2,曼谷,東京,2020/9/26,2020/9/27,38,4526643174
93,2,曼谷,東京,2020/9/26,2020/9/26,38,4526643174
90,2,曼谷,東京,2022/3/4,2022/3/5,38,4526643174
90,2,曼谷,東京,2022/3/4,2022/3/4,38,4526643174
91,2,曼谷,東京,2022/3/12,2022/3/13,38,4526643174
81,2,曼谷,東京,2022/3/27,2022/3/28,38,4526643174
77,1,曼谷,東京,2022/3/27,2022/3/27,38,4526643174
89,1,基隆港,福建廈門灣(舊),2022/3/9,2022/3/11,39,4529846761
88,1,基隆港,福建廈門灣(舊),2022/3/29,2022/3/31,39,4529846761
88,1,基隆港,福建廈門(新),2020/9/26,2020/9/26,39,4529846761
77,1,基隆港,香港,2020/9/24,2020/9/24,39,4529846761
77,1,基隆港,香港,2022/3/9,2022/3/10,39,4529846761
8,0,宿移,新加坡,2022/3/27,2022/3/27,40,4538645758
8,0,宿移,宿移,2022/3/2,2022/3/3,40,4538645758
64,0,傑貝阿,洛杉磯,2020/9/9,2020/9/10,41,4602343177
61,0,傑貝阿,洛杉磯,2020/9/22,2020/9/23,41,4602343177
53,0,博多,臺中港,2020/9/10,2020/9/11,42,4603742600
18,2,博多,香港,2020/8/31,2020/9/1,42,4603742600
18,2,博多,香港,2020/9/15,2020/9/15,42,4603742600
53,0,博多,香港,2020/9/23,2020/9/23,42,4603742600
18,2,博多,香港,2020/9/28,2020/9/29,42,4603742600
34,2,博多,香港,2022/3/3,2022/3/3,42,4603742600
15,2,菲律賓其他港口,菲律賓其他港口,2020/9/4,2020/9/4,43,4656143999
7,2,菲律賓其他港口,菲律賓其他港口,2020/9/7,2020/9/8,43,4656143999
15,2,菲律賓其他港口,菲律賓其他港口,2020/9/17,2020/9/18,43,4656143999
7,2,菲律賓其他港口,菲律賓其他港口,2020/9/21,2020/9/21,43,4656143999
1,2,菲律賓其他港口,宿移,2020/9/1,2020/9/1,43,4656143999
1,2,菲律賓其他港口,宿移,2020/9/13,2020/9/14,43,4656143999
1,2,菲律賓其他港口,宿移,2020/9/28,2020/9/28,43,4656143999
11,2,菲律賓其他港口,"Cagayan de Oro, Mindanao",2020/9/10,2020/9/10,43,4656143999
11,2,菲律賓其他港口,"Cagayan de Oro, Mindanao",2020/9/24,2020/9/24,43,4656143999
42,2,越南其他港口,韓國其他港口,2020/9/2,2020/9/2,44,4667843886
42,2,越南其他港口,韓國其他港口,2020/9/3,2020/9/3,44,4667843886
41,2,越南其他港口,韓國其他港口,2020/9/7,2020/9/7,44,4667843886
43,2,越南其他港口,韓國其他港口,2020/9/15,2020/9/15,44,4667843886
131,2,越南其他港口,韓國其他港口,2022/3/27,2022/3/28,44,4667843886
80,2,越南其他港口,雅加達,2022/3/7,2022/3/12,44,4667843886
90,2,越南其他港口,日本其他港口,2020/9/1,2020/9/2,44,4667843886
80,2,越南其他港口,日本其他港口,2020/9/9,2020/9/9,44,4667843886
80,2,越南其他港口,日本其他港口,2020/9/10,2020/9/10,44,4667843886
36,2,越南其他港口,日本其他港口,2020/9/16,2020/9/17,44,4667843886
36,2,越南其他港口,日本其他港口,2020/9/18,2020/9/18,44,4667843886
90,2,越南其他港口,日本其他港口,2020/9/27,2020/9/28,44,4667843886
90,2,越南其他港口,日本其他港口,2020/9/27,2020/9/27,44,4667843886
36,2,越南其他港口,日本其他港口,2022/3/7,2022/3/7,44,4667843886
36,2,越南其他港口,日本其他港口,2022/3/28,2022/3/29,44,4667843886
36,2,越南其他港口,日本其他港口,2022/3/29,2022/3/29,44,4667843886
39,2,雅加達,雅加達,2020/9/5,2020/9/6,45,4676642331
50,2,雅加達,雅加達,2020/9/12,2020/9/12,45,4676642331
2,2,雅加達,泗水,2022/3/8,2022/3/9,45,4676642331
101,0,奧克蘭,福建廈門(新),2020/8/31,2020/9/1,46,4684042826
104,0,奧克蘭,福建廈門(新),2020/9/22,2020/9/22,46,4684042826
108,0,奧克蘭,福建廈門(新),2020/9/29,2020/9/30,46,4684042826
125,0,奧克蘭,福建廈門,2022/3/9,2022/3/10,46,4684042826
88,1,奧克蘭,高雄港,2020/9/24,2020/9/25,46,4684042826
105,0,奧克蘭,洛杉磯,2020/9/8,2020/9/9,46,4684042826
78,2,新加坡其他港口,日本其他港口,2020/9/10,2020/9/10,47,4696342331
49,2,新加坡其他港口,日本其他港口,2020/9/17,2020/9/18,47,4696342331
79,2,新加坡其他港口,日本其他港口,2022/3/27,2022/3/28,47,4696342331
41,2,新加坡,韓國其他港口,2020/9/8,2020/9/8,47,4696342331
43,2,新加坡,韓國其他港口,2020/9/15,2020/9/16,47,4696342331
40,2,新加坡,韓國其他港口,2020/9/26,2020/9/26,47,4696342331
13,0,新加坡,廣東蛇口,2020/9/4,2020/9/4,47,4696342331
42,2,新加坡,廣東蛇口,2022/3/3,2022/3/3,47,4696342331
48,2,新加坡,釜山,2020/9/2,2020/9/3,47,4696342331
34,2,新加坡,釜山,2022/3/25,2022/3/25,47,4696342331
129,2,新加坡,釜山,2022/3/26,2022/3/27,47,4696342331
68,1,新加坡,海防,2020/9/25,2020/9/26,47,4696342331
69,1,新加坡,香港,2022/3/12,2022/3/14,47,4696342331
79,2,新加坡,日本其他港口,2020/9/4,2020/9/4,47,4696342331
79,2,新加坡,日本其他港口,2020/9/17,2020/9/17,47,4696342331
70,2,新加坡,日本其他港口,2020/9/24,2020/9/25,47,4696342331
134,2,新加坡,日本其他港口,2022/3/1,2022/3/2,47,4696342331
79,2,新加坡,日本其他港口,2022/3/7,2022/3/7,47,4696342331
79,2,新加坡,日本其他港口,2022/3/8,2022/3/8,47,4696342331
39,2,新加坡,無,2022/3/11,2022/3/12,47,4696342331
134,2,新加坡,無,2022/3/26,2022/3/26,47,4696342331
102,2,福建福州,福建廈門,2022/2/28,2022/3/1,48,4783043992
102,2,福建福州,福建廈門,2022/3/8,2022/3/8,48,4783043992
102,2,福建福州,福建廈門,2022/3/11,2022/3/12,48,4783043992
102,2,福建福州,福建廈門,2022/3/17,2022/3/17,48,4783043992
102,2,福建福州,福建廈門,2022/3/21,2022/3/22,48,4783043992
102,2,福建福州,福建廈門,2022/3/27,2022/3/28,48,4783043992
111,0,福建廈門(新),紐約,2020/9/19,2020/9/20,48,4783043992
97,0,福建廈門,香港,2022/3/14,2022/3/16,48,4783043992
124,0,福建廈門,香港,2022/3/24,2022/3/26,48,4783043992
53,0,臺中港,蘇比克灣,2022/3/14,2022/3/15,49,4795142148
53,0,臺中港,蘇比克灣,2022/3/23,2022/3/25,49,4795142148
9,0,臺中港,臺北港,2020/9/3,2020/9/4,49,4795142148
9,0,臺中港,臺北港,2020/9/10,2020/9/11,49,4795142148
9,0,臺中港,臺北港,2020/9/17,2020/9/18,49,4795142148
9,0,臺中港,臺北港,2020/9/24,2020/9/25,49,4795142148
74,1,臺中港,臺中港,2020/9/7,2020/9/8,49,4795142148
74,1,臺中港,臺中港,2020/9/21,2020/9/22,49,4795142148
24,0,臺中港,臺中港,2022/3/3,2022/3/6,49,4795142148
24,0,臺中港,臺中港,2022/3/10,2022/3/13,49,4795142148
24,0,臺中港,臺中港,2022/3/17,2022/3/19,49,4795142148
24,0,臺中港,臺中港,2022/3/24,2022/3/27,49,4795142148
9,0,臺中港,臺中港,2022/3/27,2022/3/28,49,4795142148
121,0,臺中港,新加坡,2020/9/15,2020/9/16,49,4795142148
116,0,臺中港,新加坡,2020/9/21,2020/9/22,49,4795142148
8,0,臺中港,新加坡,2022/3/28,2022/3/29,49,4795142148
69,1,臺中港,香港,2020/9/5,2020/9/6,49,4795142148
68,1,臺中港,香港,2020/9/26,2020/9/27,49,4795142148
69,1,臺中港,香港,2022/3/14,2022/3/16,49,4795142148
114,0,臺中港,泗水,2020/9/6,2020/9/7,49,4795142148
117,0,臺中港,泗水,2020/9/14,2020/9/15,49,4795142148
115,0,臺中港,泗水,2020/9/20,2020/9/21,49,4795142148
120,0,臺中港,泗水,2022/3/4,2022/3/5,49,4795142148
121,0,臺中港,泗水,2022/3/14,2022/3/17,49,4795142148
117,0,臺中港,泗水,2022/3/28,2022/3/30,49,4795142148
121,0,臺中港,東京,2020/9/4,2020/9/4,49,4795142148
116,0,臺中港,東京,2020/9/12,2020/9/12,49,4795142148
77,1,臺中港,東京,2020/9/13,2020/9/13,49,4795142148
53,0,臺中港,大阪,2020/9/16,2020/9/16,49,4795142148
53,0,臺中港,大阪,2020/9/28,2020/9/28,49,4795142148
73,1,臺中港,無,2022/2/28,2022/3/1,49,4795142148
72,1,臺中港,無,2022/3/13,2022/3/13,49,4795142148
73,1,臺中港,無,2022/3/15,2022/3/16,49,4795142148
77,1,臺中港,無,2022/3/28,2022/3/29,49,4795142148
72,1,臺中港,無,2022/3/30,2022/3/30,49,4795142148
9,0,臺北港,臺北港,2020/9/22,2020/9/22,50,4795142335
9,0,臺北港,臺北港,2020/9/29,2020/9/29,50,4795142335
9,0,臺北港,臺北港,2022/3/1,2022/3/2,50,4795142335
9,0,臺北港,臺北港,2022/3/4,2022/3/5,50,4795142335
9,0,臺北港,臺北港,2022/3/7,2022/3/8,50,4795142335
9,0,臺北港,臺北港,2022/3/10,2022/3/11,50,4795142335
9,0,臺北港,臺北港,2022/3/14,2022/3/15,50,4795142335
9,0,臺北港,臺北港,2022/3/18,2022/3/19,50,4795142335
9,0,臺北港,臺北港,2022/3/22,2022/3/23,50,4795142335
9,0,臺北港,臺北港,2022/3/26,2022/3/27,50,4795142335
9,0,臺北港,臺北港,2022/3/29,2022/3/29,50,4795142335
9,0,臺北港,臺中港,2020/9/6,2020/9/6,50,4795142335
9,0,臺北港,臺中港,2020/9/13,2020/9/14,50,4795142335
9,0,臺北港,臺中港,2020/9/20,2020/9/21,50,4795142335
9,0,臺北港,臺中港,2020/9/27,2020/9/28,50,4795142335
9,0,臺北港,高雄港,2020/9/1,2020/9/2,50,4795142335
9,0,臺北港,高雄港,2020/9/8,2020/9/9,50,4795142335
9,0,臺北港,高雄港,2020/9/16,2020/9/17,50,4795142335
9,0,臺北港,高雄港,2020/9/21,2020/9/22,50,4795142335
9,0,臺北港,高雄港,2020/9/28,2020/9/29,50,4795142335
24,0,臺北港,高雄港,2022/3/8,2022/3/9,50,4795142335
24,0,臺北港,高雄港,2022/3/15,2022/3/17,50,4795142335
9,0,臺北港,高雄港,2022/3/21,2022/3/21,50,4795142335
24,0,臺北港,高雄港,2022/3/23,2022/3/24,50,4795142335
24,0,臺北港,高雄港,2022/3/29,2022/3/30,50,4795142335
52,0,臺北港,香港,2020/9/17,2020/9/17,50,4795142335
26,0,臺北港,江蘇連雲港,2020/8/30,2020/9/1,50,4795142335
25,0,臺北港,江蘇連雲港,2020/9/8,2020/9/9,50,4795142335
24,0,臺北港,江蘇連雲港,2020/9/14,2020/9/16,50,4795142335
25,0,臺北港,江蘇連雲港,2020/9/28,2020/9/29,50,4795142335
89,1,廣東鹽田,基隆港,2022/3/17,2022/3/18,51,4824343590
109,0,廣東鹽田,上海,2022/3/12,2022/3/13,51,4824343590
98,0,廣東鹽田,上海,2022/3/18,2022/3/19,51,4824343590
55,2,廣東蛇口,新加坡,2020/9/23,2020/9/24,51,4824343590
43,2,廣東蛇口,雅加達,2022/3/22,2022/3/23,51,4824343590
21,0,廣東蛇口,馬尼拉南港,2022/3/7,2022/3/7,51,4824343590
52,0,廣東蛇口,馬尼拉,2022/3/16,2022/3/17,51,4824343590
52,0,廣東蛇口,馬尼拉,2022/3/25,2022/3/26,51,4824343590
79,2,廣東蛇口,東京,2020/9/5,2020/9/5,51,4824343590
78,2,廣東蛇口,東京,2020/9/11,2020/9/11,51,4824343590
49,2,廣東蛇口,東京,2020/9/18,2020/9/18,51,4824343590
70,2,廣東蛇口,東京,2020/9/25,2020/9/25,51,4824343590
82,2,廣東蛇口,東京,2022/3/30,2022/3/30,51,4824343590
81,2,廣東蛇口,利加班,2022/3/13,2022/3/14,51,4824343590
128,2,廣東蛇口,無,2022/3/8,2022/3/8,51,4824343590
39,2,廣東蛇口,無,2022/3/13,2022/3/13,51,4824343590
134,2,廣東蛇口,無,2022/3/27,2022/3/27,51,4824343590
79,2,廣東蛇口,無,2022/3/28,2022/3/29,51,4824343590
94,2,廣島,香港,2022/3/2,2022/3/3,52,4824344657
95,2,廣島,香港,2022/3/8,2022/3/8,52,4824344657
94,2,廣島,香港,2022/3/15,2022/3/15,52,4824344657
95,2,廣島,香港,2022/3/22,2022/3/22,52,4824344657
94,2,廣島,香港,2022/3/29,2022/3/29,52,4824344657
81,2,德山,香港,2020/9/27,2020/9/27,53,4824742099
5,2,德山,香港,2022/3/28,2022/3/28,53,4824742099
121,0,蔚山,臺中港,2022/3/13,2022/3/13,54,4855542099
117,0,蔚山,臺中港,2022/3/26,2022/3/27,54,4855542099
40,2,蔚山,香港,2020/9/6,2020/9/7,54,4855542099
42,2,蔚山,香港,2020/9/13,2020/9/13,54,4855542099
41,2,蔚山,香港,2020/9/18,2020/9/19,54,4855542099
43,2,蔚山,香港,2020/9/24,2020/9/25,54,4855542099
131,2,蔚山,香港,2022/3/11,2022/3/11,54,4855542099
35,2,蔚山,香港,2022/3/15,2022/3/16,54,4855542099
120,0,蔚山,無,2022/3/2,2022/3/2,54,4855542099
33,2,橫濱,香港,2020/9/15,2020/9/15,55,4887849368
38,2,橫濱,香港,2020/9/23,2020/9/23,55,4887849368
26,0,遼寧大連,江蘇連雲港,2022/3/4,2022/3/6,56,4913747591
140,0,遼寧大連,江蘇連雲港,2022/3/17,2022/3/20,56,4913747591
25,0,遼寧大連,江蘇連雲港,2022/3/22,2022/3/24,56,4913747591
26,0,遼寧大連,江蘇連雲港,2022/3/29,2022/3/30,56,4913747591
43,2,韓國其他港口,新加坡,2020/9/25,2020/9/25,57,4965845290
131,2,韓國其他港口,新加坡,2022/2/28,2022/3/1,57,4965845290
35,2,韓國其他港口,新加坡,2022/3/6,2022/3/7,57,4965845290
42,2,韓國其他港口,越南其他港口,2020/9/13,2020/9/14,57,4965845290
42,2,韓國其他港口,越南其他港口,2020/9/14,2020/9/15,57,4965845290
41,2,韓國其他港口,越南其他港口,2020/9/19,2020/9/20,57,4965845290
43,2,韓國其他港口,越南其他港口,2020/9/28,2020/9/28,57,4965845290
33,2,韓國其他港口,越南其他港口,2022/3/6,2022/3/6,57,4965845290
121,0,檳榔嶼/檳榔嶼/檳州,東京,2020/9/3,2020/9/4,58,4976246973
116,0,檳榔嶼/檳榔嶼/檳州,東京,2020/9/11,2020/9/12,58,4976246973
0,2,蘇比克灣,馬尼拉,2020/9/6,2020/9/7,59,5034842225
0,2,蘇比克灣,馬尼拉,2020/9/15,2020/9/17,59,5034842225
0,2,蘇比克灣,馬尼拉,2020/9/23,2020/9/24,59,5034842225
110,0,Geoje,山東青島,2022/3/21,2022/3/23,60,71101
